Trade_ID,Trade_Date,Currency_Pair,Position_Type,Notional_USD,Entry_Price
TRD_1001,2026-06-01,USDSGD,Buy,1000000,1.3450
TRD_1002,2026-06-03,USDKRW,Sell,1500000,1350.50
TRD_1003,2026-06-05,USDCNH,Buy,2000000,7.2450
TRD_1004,2026-06-08,USDTHB,Buy,800000,36.50
TRD_1005,2026-06-10,USDMYR,Sell,1200000,4.7120
TRD_1006,2026-06-12,USDIDR,Buy,1000000,16250.00
TRD_1007,2026-06-15,USDINR,Buy,1800000,83.45
TRD_1008,2026-06-17,USDPHP,Sell,900000,58.60
TRD_1009,2026-06-19,USDTWD,Buy,1100000,32.35
TRD_1010,2026-06-22,USDHKD,Buy,2500000,7.8120
TRD_1022,2026-07-20,USDCNH,Buy,1600000,7.2250
TRD_1023,2026-07-22,USDSGD,Buy,1150000,1.3410
TRD_1024,2026-07-24,USDKRW,Sell,1900000,1358.00
TRD_1025,2026-07-27,USDCNH,Buy,1400000,7.2520
TRD_1026,2026-07-29,USDTHB,Buy,700000,36.40
TRD_1027,2026-07-31,USDMYR,Sell,1300000,4.7050
TRD_1028,2026-08-03,USDIDR,Buy,1200000,16180.00
TRD_1029,2026-08-05,USDINR,Buy,1500000,83.35
TRD_1030,2026-08-07,USDPHP,Sell,750000,58.45
TRD_1031,2026-08-10,USDTWD,Buy,1350000,32.20